"image_id","image_path"
"p0_img0","data/raw/p0_img0.png"
"p0_img1","data/raw/p0_img1.png"
"p0_img10","data/raw/p0_img10.png"
"p0_img11","data/raw/p0_img11.png"
"p0_img12","data/raw/p0_img12.png"
"p0_img13","data/raw/p0_img13.png"
"p0_img14","data/raw/p0_img14.png"
"p0_img15","data/raw/p0_img15.png"
"p0_img16","data/raw/p0_img16.png"
"p0_img17","data/raw/p0_img17.png"
"p0_img18","data/raw/p0_img18.png"
"p0_img19","data/raw/p0_img19.png"
"p0_img2","data/raw/p0_img2.png"
"p0_img20","data/raw/p0_img20.png"
"p0_img21","data/raw/p0_img21.png"
"p0_img22","data/raw/p0_img22.png"
"p0_img23","data/raw/p0_img23.png"
"p0_img24","data/raw/p0_img24.png"
"p0_img25","data/raw/p0_img25.png"
"p0_img26","data/raw/p0_img26.png"
"p0_img27","data/raw/p0_img27.png"
"p0_img28","data/raw/p0_img28.png"
"p0_img29","data/raw/p0_img29.png"
"p0_img3","data/raw/p0_img3.png"
"p0_img4","data/raw/p0_img4.png"
"p0_img5","data/raw/p0_img5.png"
"p0_img6","data/raw/p0_img6.png"
"p0_img7","data/raw/p0_img7.png"
"p0_img8","data/raw/p0_img8.png"
"p0_img9","data/raw/p0_img9.png"
"p0_seed0","data/raw/p0_seed0.jpg"
"p0_seed1","data/raw/p0_seed1.jpg"
"p0_seed10","data/raw/p0_seed10.jpg"
"p0_seed11","data/raw/p0_seed11.jpg"
"p0_seed12","data/raw/p0_seed12.jpg"
"p0_seed13","data/raw/p0_seed13.jpg"
"p0_seed14","data/raw/p0_seed14.jpg"
"p0_seed15","data/raw/p0_seed15.jpg"
"p0_seed16","data/raw/p0_seed16.jpg"
"p0_seed17","data/raw/p0_seed17.jpg"
"p0_seed18","data/raw/p0_seed18.jpg"
"p0_seed19","data/raw/p0_seed19.jpg"
"p0_seed2","data/raw/p0_seed2.jpg"
"p0_seed20","data/raw/p0_seed20.jpg"
"p0_seed21","data/raw/p0_seed21.jpg"
"p0_seed22","data/raw/p0_seed22.jpg"
"p0_seed23","data/raw/p0_seed23.jpg"
"p0_seed24","data/raw/p0_seed24.jpg"
"p0_seed25","data/raw/p0_seed25.jpg"
"p0_seed26","data/raw/p0_seed26.jpg"
"p0_seed27","data/raw/p0_seed27.jpg"
"p0_seed28","data/raw/p0_seed28.jpg"
"p0_seed29","data/raw/p0_seed29.jpg"
"p0_seed3","data/raw/p0_seed3.jpg"
"p0_seed4","data/raw/p0_seed4.jpg"
"p0_seed5","data/raw/p0_seed5.jpg"
"p0_seed6","data/raw/p0_seed6.jpg"
"p0_seed7","data/raw/p0_seed7.jpg"
"p0_seed8","data/raw/p0_seed8.jpg"
"p0_seed9","data/raw/p0_seed9.jpg"
"p1_img0","data/raw/p1_img0.png"
"p1_img1","data/raw/p1_img1.png"
"p1_img10","data/raw/p1_img10.png"
"p1_img11","data/raw/p1_img11.png"
"p1_img12","data/raw/p1_img12.png"
"p1_img13","data/raw/p1_img13.png"
"p1_img14","data/raw/p1_img14.png"
"p1_img15","data/raw/p1_img15.png"
"p1_img16","data/raw/p1_img16.png"
"p1_img17","data/raw/p1_img17.png"
"p1_img18","data/raw/p1_img18.png"
"p1_img19","data/raw/p1_img19.png"
"p1_img2","data/raw/p1_img2.png"
"p1_img20","data/raw/p1_img20.png"
"p1_img21","data/raw/p1_img21.png"
"p1_img22","data/raw/p1_img22.png"
"p1_img23","data/raw/p1_img23.png"
"p1_img24","data/raw/p1_img24.png"
"p1_img25","data/raw/p1_img25.png"
"p1_img26","data/raw/p1_img26.png"
"p1_img27","data/raw/p1_img27.png"
"p1_img28","data/raw/p1_img28.png"
"p1_img29","data/raw/p1_img29.png"
"p1_img3","data/raw/p1_img3.png"
"p1_img4","data/raw/p1_img4.png"
"p1_img5","data/raw/p1_img5.png"
"p1_img6","data/raw/p1_img6.png"
"p1_img7","data/raw/p1_img7.png"
"p1_img8","data/raw/p1_img8.png"
"p1_img9","data/raw/p1_img9.png"
"p1_seed0","data/raw/p1_seed0.jpg"
"p1_seed1","data/raw/p1_seed1.jpg"
"p1_seed10","data/raw/p1_seed10.jpg"
"p1_seed11","data/raw/p1_seed11.jpg"
"p1_seed12","data/raw/p1_seed12.jpg"
"p1_seed13","data/raw/p1_seed13.jpg"
"p1_seed14","data/raw/p1_seed14.jpg"
"p1_seed15","data/raw/p1_seed15.jpg"
"p1_seed16","data/raw/p1_seed16.jpg"
"p1_seed17","data/raw/p1_seed17.jpg"
"p1_seed18","data/raw/p1_seed18.jpg"
"p1_seed19","data/raw/p1_seed19.jpg"
"p1_seed2","data/raw/p1_seed2.jpg"
"p1_seed20","data/raw/p1_seed20.jpg"
"p1_seed21","data/raw/p1_seed21.jpg"
"p1_seed22","data/raw/p1_seed22.jpg"
"p1_seed23","data/raw/p1_seed23.jpg"
"p1_seed24","data/raw/p1_seed24.jpg"
"p1_seed25","data/raw/p1_seed25.jpg"
"p1_seed26","data/raw/p1_seed26.jpg"
"p1_seed27","data/raw/p1_seed27.jpg"
"p1_seed28","data/raw/p1_seed28.jpg"
"p1_seed29","data/raw/p1_seed29.jpg"
"p1_seed3","data/raw/p1_seed3.jpg"
"p1_seed4","data/raw/p1_seed4.jpg"
"p1_seed5","data/raw/p1_seed5.jpg"
"p1_seed6","data/raw/p1_seed6.jpg"
"p1_seed7","data/raw/p1_seed7.jpg"
"p1_seed8","data/raw/p1_seed8.jpg"
"p1_seed9","data/raw/p1_seed9.jpg"
"p2_img0","data/raw/p2_img0.png"
"p2_img1","data/raw/p2_img1.png"
"p2_img10","data/raw/p2_img10.png"
"p2_img11","data/raw/p2_img11.png"
"p2_img12","data/raw/p2_img12.png"
"p2_img13","data/raw/p2_img13.png"
"p2_img14","data/raw/p2_img14.png"
"p2_img15","data/raw/p2_img15.png"
"p2_img16","data/raw/p2_img16.png"
"p2_img17","data/raw/p2_img17.png"
"p2_img18","data/raw/p2_img18.png"
"p2_img19","data/raw/p2_img19.png"
"p2_img2","data/raw/p2_img2.png"
"p2_img20","data/raw/p2_img20.png"
"p2_img21","data/raw/p2_img21.png"
"p2_img22","data/raw/p2_img22.png"
"p2_img23","data/raw/p2_img23.png"
"p2_img24","data/raw/p2_img24.png"
"p2_img25","data/raw/p2_img25.png"
"p2_img26","data/raw/p2_img26.png"
"p2_img27","data/raw/p2_img27.png"
"p2_img28","data/raw/p2_img28.png"
"p2_img29","data/raw/p2_img29.png"
"p2_img3","data/raw/p2_img3.png"
"p2_img4","data/raw/p2_img4.png"
"p2_img5","data/raw/p2_img5.png"
"p2_img6","data/raw/p2_img6.png"
"p2_img7","data/raw/p2_img7.png"
"p2_img8","data/raw/p2_img8.png"
"p2_img9","data/raw/p2_img9.png"
"p2_seed0","data/raw/p2_seed0.jpg"
"p2_seed1","data/raw/p2_seed1.jpg"
"p2_seed10","data/raw/p2_seed10.jpg"
"p2_seed11","data/raw/p2_seed11.jpg"
"p2_seed12","data/raw/p2_seed12.jpg"
"p2_seed13","data/raw/p2_seed13.jpg"
"p2_seed14","data/raw/p2_seed14.jpg"
"p2_seed15","data/raw/p2_seed15.jpg"
"p2_seed16","data/raw/p2_seed16.jpg"
"p2_seed17","data/raw/p2_seed17.jpg"
"p2_seed18","data/raw/p2_seed18.jpg"
"p2_seed19","data/raw/p2_seed19.jpg"
"p2_seed2","data/raw/p2_seed2.jpg"
"p2_seed20","data/raw/p2_seed20.jpg"
"p2_seed21","data/raw/p2_seed21.jpg"
"p2_seed22","data/raw/p2_seed22.jpg"
"p2_seed23","data/raw/p2_seed23.jpg"
"p2_seed24","data/raw/p2_seed24.jpg"
"p2_seed25","data/raw/p2_seed25.jpg"
"p2_seed26","data/raw/p2_seed26.jpg"
"p2_seed27","data/raw/p2_seed27.jpg"
"p2_seed28","data/raw/p2_seed28.jpg"
"p2_seed29","data/raw/p2_seed29.jpg"
"p2_seed3","data/raw/p2_seed3.jpg"
"p2_seed4","data/raw/p2_seed4.jpg"
"p2_seed5","data/raw/p2_seed5.jpg"
"p2_seed6","data/raw/p2_seed6.jpg"
"p2_seed7","data/raw/p2_seed7.jpg"
"p2_seed8","data/raw/p2_seed8.jpg"
"p2_seed9","data/raw/p2_seed9.jpg"
"p3_img0","data/raw/p3_img0.png"
"p3_img1","data/raw/p3_img1.png"
"p3_img10","data/raw/p3_img10.png"
"p3_img11","data/raw/p3_img11.png"
"p3_img12","data/raw/p3_img12.png"
"p3_img13","data/raw/p3_img13.png"
"p3_img14","data/raw/p3_img14.png"
"p3_img15","data/raw/p3_img15.png"
"p3_img16","data/raw/p3_img16.png"
"p3_img17","data/raw/p3_img17.png"
"p3_img18","data/raw/p3_img18.png"
"p3_img19","data/raw/p3_img19.png"
"p3_img2","data/raw/p3_img2.png"
"p3_img20","data/raw/p3_img20.png"
"p3_img21","data/raw/p3_img21.png"
"p3_img22","data/raw/p3_img22.png"
"p3_img23","data/raw/p3_img23.png"
"p3_img24","data/raw/p3_img24.png"
"p3_img25","data/raw/p3_img25.png"
"p3_img26","data/raw/p3_img26.png"
"p3_img27","data/raw/p3_img27.png"
"p3_img28","data/raw/p3_img28.png"
"p3_img29","data/raw/p3_img29.png"
"p3_img3","data/raw/p3_img3.png"
"p3_img4","data/raw/p3_img4.png"
"p3_img5","data/raw/p3_img5.png"
"p3_img6","data/raw/p3_img6.png"
"p3_img7","data/raw/p3_img7.png"
"p3_img8","data/raw/p3_img8.png"
"p3_img9","data/raw/p3_img9.png"
"p3_seed0","data/raw/p3_seed0.jpg"
"p3_seed1","data/raw/p3_seed1.jpg"
"p3_seed10","data/raw/p3_seed10.jpg"
"p3_seed11","data/raw/p3_seed11.jpg"
"p3_seed12","data/raw/p3_seed12.jpg"
"p3_seed13","data/raw/p3_seed13.jpg"
"p3_seed14","data/raw/p3_seed14.jpg"
"p3_seed15","data/raw/p3_seed15.jpg"
"p3_seed16","data/raw/p3_seed16.jpg"
"p3_seed17","data/raw/p3_seed17.jpg"
"p3_seed18","data/raw/p3_seed18.jpg"
"p3_seed19","data/raw/p3_seed19.jpg"
"p3_seed2","data/raw/p3_seed2.jpg"
"p3_seed20","data/raw/p3_seed20.jpg"
"p3_seed21","data/raw/p3_seed21.jpg"
"p3_seed22","data/raw/p3_seed22.jpg"
"p3_seed23","data/raw/p3_seed23.jpg"
"p3_seed24","data/raw/p3_seed24.jpg"
"p3_seed25","data/raw/p3_seed25.jpg"
"p3_seed26","data/raw/p3_seed26.jpg"
"p3_seed27","data/raw/p3_seed27.jpg"
"p3_seed28","data/raw/p3_seed28.jpg"
"p3_seed29","data/raw/p3_seed29.jpg"
"p3_seed3","data/raw/p3_seed3.jpg"
"p3_seed4","data/raw/p3_seed4.jpg"
"p3_seed5","data/raw/p3_seed5.jpg"
"p3_seed6","data/raw/p3_seed6.jpg"
"p3_seed7","data/raw/p3_seed7.jpg"
"p3_seed8","data/raw/p3_seed8.jpg"
"p3_seed9","data/raw/p3_seed9.jpg"
"p4_img0","data/raw/p4_img0.png"
"p4_img1","data/raw/p4_img1.png"
"p4_img10","data/raw/p4_img10.png"
"p4_img11","data/raw/p4_img11.png"
"p4_img12","data/raw/p4_img12.png"
"p4_img13","data/raw/p4_img13.png"
"p4_img14","data/raw/p4_img14.png"
"p4_img15","data/raw/p4_img15.png"
"p4_img16","data/raw/p4_img16.png"
"p4_img17","data/raw/p4_img17.png"
"p4_img18","data/raw/p4_img18.png"
"p4_img19","data/raw/p4_img19.png"
"p4_img2","data/raw/p4_img2.png"
"p4_img20","data/raw/p4_img20.png"
"p4_img21","data/raw/p4_img21.png"
"p4_img22","data/raw/p4_img22.png"
"p4_img23","data/raw/p4_img23.png"
"p4_img24","data/raw/p4_img24.png"
"p4_img25","data/raw/p4_img25.png"
"p4_img26","data/raw/p4_img26.png"
"p4_img27","data/raw/p4_img27.png"
"p4_img28","data/raw/p4_img28.png"
"p4_img29","data/raw/p4_img29.png"
"p4_img3","data/raw/p4_img3.png"
"p4_img4","data/raw/p4_img4.png"
"p4_img5","data/raw/p4_img5.png"
"p4_img6","data/raw/p4_img6.png"
"p4_img7","data/raw/p4_img7.png"
"p4_img8","data/raw/p4_img8.png"
"p4_img9","data/raw/p4_img9.png"
"p4_seed0","data/raw/p4_seed0.jpg"
"p4_seed1","data/raw/p4_seed1.jpg"
"p4_seed10","data/raw/p4_seed10.jpg"
"p4_seed11","data/raw/p4_seed11.jpg"
"p4_seed12","data/raw/p4_seed12.jpg"
"p4_seed13","data/raw/p4_seed13.jpg"
"p4_seed14","data/raw/p4_seed14.jpg"
"p4_seed15","data/raw/p4_seed15.jpg"
"p4_seed16","data/raw/p4_seed16.jpg"
"p4_seed17","data/raw/p4_seed17.jpg"
"p4_seed18","data/raw/p4_seed18.jpg"
"p4_seed19","data/raw/p4_seed19.jpg"
"p4_seed2","data/raw/p4_seed2.jpg"
"p4_seed20","data/raw/p4_seed20.jpg"
"p4_seed21","data/raw/p4_seed21.jpg"
"p4_seed22","data/raw/p4_seed22.jpg"
"p4_seed23","data/raw/p4_seed23.jpg"
"p4_seed24","data/raw/p4_seed24.jpg"
"p4_seed25","data/raw/p4_seed25.jpg"
"p4_seed26","data/raw/p4_seed26.jpg"
"p4_seed27","data/raw/p4_seed27.jpg"
"p4_seed28","data/raw/p4_seed28.jpg"
"p4_seed29","data/raw/p4_seed29.jpg"
"p4_seed3","data/raw/p4_seed3.jpg"
"p4_seed4","data/raw/p4_seed4.jpg"
"p4_seed5","data/raw/p4_seed5.jpg"
"p4_seed6","data/raw/p4_seed6.jpg"
"p4_seed7","data/raw/p4_seed7.jpg"
"p4_seed8","data/raw/p4_seed8.jpg"
"p4_seed9","data/raw/p4_seed9.jpg"
"p5_img0","data/raw/p5_img0.png"
"p5_img1","data/raw/p5_img1.png"
"p5_img10","data/raw/p5_img10.png"
"p5_img11","data/raw/p5_img11.png"
"p5_img12","data/raw/p5_img12.png"
"p5_img13","data/raw/p5_img13.png"
"p5_img14","data/raw/p5_img14.png"
"p5_img15","data/raw/p5_img15.png"
"p5_img16","data/raw/p5_img16.png"
"p5_img17","data/raw/p5_img17.png"
"p5_img18","data/raw/p5_img18.png"
"p5_img19","data/raw/p5_img19.png"
"p5_img2","data/raw/p5_img2.png"
"p5_img20","data/raw/p5_img20.png"
"p5_img21","data/raw/p5_img21.png"
"p5_img22","data/raw/p5_img22.png"
"p5_img23","data/raw/p5_img23.png"
"p5_img24","data/raw/p5_img24.png"
"p5_img25","data/raw/p5_img25.png"
"p5_img26","data/raw/p5_img26.png"
"p5_img27","data/raw/p5_img27.png"
"p5_img28","data/raw/p5_img28.png"
"p5_img29","data/raw/p5_img29.png"
"p5_img3","data/raw/p5_img3.png"
"p5_img4","data/raw/p5_img4.png"
"p5_img5","data/raw/p5_img5.png"
"p5_img6","data/raw/p5_img6.png"
"p5_img7","data/raw/p5_img7.png"
"p5_img8","data/raw/p5_img8.png"
"p5_img9","data/raw/p5_img9.png"
"p5_seed0","data/raw/p5_seed0.jpg"
"p5_seed1","data/raw/p5_seed1.jpg"
"p5_seed10","data/raw/p5_seed10.jpg"
"p5_seed11","data/raw/p5_seed11.jpg"
"p5_seed12","data/raw/p5_seed12.jpg"
"p5_seed13","data/raw/p5_seed13.jpg"
"p5_seed14","data/raw/p5_seed14.jpg"
"p5_seed15","data/raw/p5_seed15.jpg"
"p5_seed16","data/raw/p5_seed16.jpg"
"p5_seed17","data/raw/p5_seed17.jpg"
"p5_seed18","data/raw/p5_seed18.jpg"
"p5_seed19","data/raw/p5_seed19.jpg"
"p5_seed2","data/raw/p5_seed2.jpg"
"p5_seed20","data/raw/p5_seed20.jpg"
"p5_seed21","data/raw/p5_seed21.jpg"
"p5_seed22","data/raw/p5_seed22.jpg"
"p5_seed23","data/raw/p5_seed23.jpg"
"p5_seed24","data/raw/p5_seed24.jpg"
"p5_seed25","data/raw/p5_seed25.jpg"
"p5_seed26","data/raw/p5_seed26.jpg"
"p5_seed27","data/raw/p5_seed27.jpg"
"p5_seed28","data/raw/p5_seed28.jpg"
"p5_seed29","data/raw/p5_seed29.jpg"
"p5_seed3","data/raw/p5_seed3.jpg"
"p5_seed4","data/raw/p5_seed4.jpg"
"p5_seed5","data/raw/p5_seed5.jpg"
"p5_seed6","data/raw/p5_seed6.jpg"
"p5_seed7","data/raw/p5_seed7.jpg"
"p5_seed8","data/raw/p5_seed8.jpg"
"p5_seed9","data/raw/p5_seed9.jpg"
"p6_img0","data/raw/p6_img0.png"
"p6_img1","data/raw/p6_img1.png"
"p6_img10","data/raw/p6_img10.png"
"p6_img11","data/raw/p6_img11.png"
"p6_img12","data/raw/p6_img12.png"
"p6_img13","data/raw/p6_img13.png"
"p6_img14","data/raw/p6_img14.png"
"p6_img15","data/raw/p6_img15.png"
"p6_img16","data/raw/p6_img16.png"
"p6_img17","data/raw/p6_img17.png"
"p6_img18","data/raw/p6_img18.png"
"p6_img19","data/raw/p6_img19.png"
"p6_img2","data/raw/p6_img2.png"
"p6_img20","data/raw/p6_img20.png"
"p6_img21","data/raw/p6_img21.png"
"p6_img22","data/raw/p6_img22.png"
"p6_img23","data/raw/p6_img23.png"
"p6_img24","data/raw/p6_img24.png"
"p6_img25","data/raw/p6_img25.png"
"p6_img26","data/raw/p6_img26.png"
"p6_img27","data/raw/p6_img27.png"
"p6_img28","data/raw/p6_img28.png"
"p6_img29","data/raw/p6_img29.png"
"p6_img3","data/raw/p6_img3.png"
"p6_img4","data/raw/p6_img4.png"
"p6_img5","data/raw/p6_img5.png"
"p6_img6","data/raw/p6_img6.png"
"p6_img7","data/raw/p6_img7.png"
"p6_img8","data/raw/p6_img8.png"
"p6_img9","data/raw/p6_img9.png"
"p6_seed0","data/raw/p6_seed0.jpg"
"p6_seed1","data/raw/p6_seed1.jpg"
"p6_seed10","data/raw/p6_seed10.jpg"
"p6_seed11","data/raw/p6_seed11.jpg"
"p6_seed12","data/raw/p6_seed12.jpg"
"p6_seed13","data/raw/p6_seed13.jpg"
"p6_seed14","data/raw/p6_seed14.jpg"
"p6_seed15","data/raw/p6_seed15.jpg"
"p6_seed16","data/raw/p6_seed16.jpg"
"p6_seed17","data/raw/p6_seed17.jpg"
"p6_seed18","data/raw/p6_seed18.jpg"
"p6_seed19","data/raw/p6_seed19.jpg"
"p6_seed2","data/raw/p6_seed2.jpg"
"p6_seed3","data/raw/p6_seed3.jpg"
"p6_seed4","data/raw/p6_seed4.jpg"
"p6_seed5","data/raw/p6_seed5.jpg"
"p6_seed6","data/raw/p6_seed6.jpg"
"p6_seed7","data/raw/p6_seed7.jpg"
"p6_seed8","data/raw/p6_seed8.jpg"
"p6_seed9","data/raw/p6_seed9.jpg"
"p7_img0","data/raw/p7_img0.png"
"p7_img1","data/raw/p7_img1.png"
"p7_img10","data/raw/p7_img10.png"
"p7_img11","data/raw/p7_img11.png"
"p7_img12","data/raw/p7_img12.png"
"p7_img13","data/raw/p7_img13.png"
"p7_img14","data/raw/p7_img14.png"
"p7_img15","data/raw/p7_img15.png"
"p7_img16","data/raw/p7_img16.png"
"p7_img17","data/raw/p7_img17.png"
"p7_img18","data/raw/p7_img18.png"
"p7_img19","data/raw/p7_img19.png"
"p7_img2","data/raw/p7_img2.png"
"p7_img20","data/raw/p7_img20.png"
"p7_img21","data/raw/p7_img21.png"
"p7_img22","data/raw/p7_img22.png"
"p7_img23","data/raw/p7_img23.png"
"p7_img24","data/raw/p7_img24.png"
"p7_img25","data/raw/p7_img25.png"
"p7_img26","data/raw/p7_img26.png"
"p7_img27","data/raw/p7_img27.png"
"p7_img28","data/raw/p7_img28.png"
"p7_img29","data/raw/p7_img29.png"
"p7_img3","data/raw/p7_img3.png"
"p7_img4","data/raw/p7_img4.png"
"p7_img5","data/raw/p7_img5.png"
"p7_img6","data/raw/p7_img6.png"
"p7_img7","data/raw/p7_img7.png"
"p7_img8","data/raw/p7_img8.png"
"p7_img9","data/raw/p7_img9.png"
"p8_img0","data/raw/p8_img0.png"
"p8_img1","data/raw/p8_img1.png"
"p8_img10","data/raw/p8_img10.png"
"p8_img11","data/raw/p8_img11.png"
"p8_img12","data/raw/p8_img12.png"
"p8_img13","data/raw/p8_img13.png"
"p8_img14","data/raw/p8_img14.png"
"p8_img15","data/raw/p8_img15.png"
"p8_img16","data/raw/p8_img16.png"
"p8_img17","data/raw/p8_img17.png"
"p8_img18","data/raw/p8_img18.png"
"p8_img19","data/raw/p8_img19.png"
"p8_img2","data/raw/p8_img2.png"
"p8_img20","data/raw/p8_img20.png"
"p8_img21","data/raw/p8_img21.png"
"p8_img22","data/raw/p8_img22.png"
"p8_img23","data/raw/p8_img23.png"
"p8_img24","data/raw/p8_img24.png"
"p8_img25","data/raw/p8_img25.png"
"p8_img26","data/raw/p8_img26.png"
"p8_img27","data/raw/p8_img27.png"
"p8_img28","data/raw/p8_img28.png"
"p8_img29","data/raw/p8_img29.png"
"p8_img3","data/raw/p8_img3.png"
"p8_img4","data/raw/p8_img4.png"
"p8_img5","data/raw/p8_img5.png"
"p8_img6","data/raw/p8_img6.png"
"p8_img7","data/raw/p8_img7.png"
"p8_img8","data/raw/p8_img8.png"
"p8_img9","data/raw/p8_img9.png"
"p9_img0","data/raw/p9_img0.png"
"p9_img1","data/raw/p9_img1.png"
"p9_img10","data/raw/p9_img10.png"
"p9_img11","data/raw/p9_img11.png"
"p9_img12","data/raw/p9_img12.png"
"p9_img13","data/raw/p9_img13.png"
"p9_img14","data/raw/p9_img14.png"
"p9_img15","data/raw/p9_img15.png"
"p9_img16","data/raw/p9_img16.png"
"p9_img17","data/raw/p9_img17.png"
"p9_img18","data/raw/p9_img18.png"
"p9_img19","data/raw/p9_img19.png"
"p9_img2","data/raw/p9_img2.png"
"p9_img20","data/raw/p9_img20.png"
"p9_img21","data/raw/p9_img21.png"
"p9_img22","data/raw/p9_img22.png"
"p9_img23","data/raw/p9_img23.png"
"p9_img24","data/raw/p9_img24.png"
"p9_img25","data/raw/p9_img25.png"
"p9_img26","data/raw/p9_img26.png"
"p9_img27","data/raw/p9_img27.png"
"p9_img28","data/raw/p9_img28.png"
"p9_img29","data/raw/p9_img29.png"
"p9_img3","data/raw/p9_img3.png"
"p9_img4","data/raw/p9_img4.png"
"p9_img5","data/raw/p9_img5.png"
"p9_img6","data/raw/p9_img6.png"
"p9_img7","data/raw/p9_img7.png"
"p9_img8","data/raw/p9_img8.png"
"p9_img9","data/raw/p9_img9.png"
