image_id,image_path,human_label,model,model_name,predicted_label,score_good,score_bad,match,checkpoint_path,learning_rate,source_wandb_run_id,best_epoch,best_val_f1
p0_img1,data/raw/p0_img1.png,Bad,VGG16,vgg16,Bad,0.27348,0.72652,1,outputs/checkpoints/best_vgg16_lr0.0001.pth,0.0001,1xptjn7v,29,0.8444444444444444
p0_img10,data/raw/p0_img10.png,Good,VGG16,vgg16,Good,0.999932,6.8e-05,1,outputs/checkpoints/best_vgg16_lr0.0001.pth,0.0001,1xptjn7v,29,0.8444444444444444
p0_img11,data/raw/p0_img11.png,Good,VGG16,vgg16,Good,0.981842,0.018158,1,outputs/checkpoints/best_vgg16_lr0.0001.pth,0.0001,1xptjn7v,29,0.8444444444444444
p0_img12,data/raw/p0_img12.png,Good,VGG16,vgg16,Good,0.999444,0.000556,1,outputs/checkpoints/best_vgg16_lr0.0001.pth,0.0001,1xptjn7v,29,0.8444444444444444
p0_img13,data/raw/p0_img13.png,Good,VGG16,vgg16,Good,0.998905,0.001095,1,outputs/checkpoints/best_vgg16_lr0.0001.pth,0.0001,1xptjn7v,29,0.8444444444444444
p0_img18,data/raw/p0_img18.png,Good,VGG16,vgg16,Good,0.999726,0.000274,1,outputs/checkpoints/best_vgg16_lr0.0001.pth,0.0001,1xptjn7v,29,0.8444444444444444
p0_img19,data/raw/p0_img19.png,Good,VGG16,vgg16,Good,0.999976,2.4e-05,1,outputs/checkpoints/best_vgg16_lr0.0001.pth,0.0001,1xptjn7v,29,0.8444444444444444
p0_img20,data/raw/p0_img20.png,Good,VGG16,vgg16,Good,0.985745,0.014255,1,outputs/checkpoints/best_vgg16_lr0.0001.pth,0.0001,1xptjn7v,29,0.8444444444444444
p0_img21,data/raw/p0_img21.png,Good,VGG16,vgg16,Good,0.99453,0.00547,1,outputs/checkpoints/best_vgg16_lr0.0001.pth,0.0001,1xptjn7v,29,0.8444444444444444
p0_img22,data/raw/p0_img22.png,Good,VGG16,vgg16,Good,0.99999,1e-05,1,outputs/checkpoints/best_vgg16_lr0.0001.pth,0.0001,1xptjn7v,29,0.8444444444444444
p0_img23,data/raw/p0_img23.png,Good,VGG16,vgg16,Good,0.996724,0.003276,1,outputs/checkpoints/best_vgg16_lr0.0001.pth,0.0001,1xptjn7v,29,0.8444444444444444
p0_img24,data/raw/p0_img24.png,Good,VGG16,vgg16,Good,0.999938,6.2e-05,1,outputs/checkpoints/best_vgg16_lr0.0001.pth,0.0001,1xptjn7v,29,0.8444444444444444
p0_img25,data/raw/p0_img25.png,Good,VGG16,vgg16,Good,0.999958,4.2e-05,1,outputs/checkpoints/best_vgg16_lr0.0001.pth,0.0001,1xptjn7v,29,0.8444444444444444
p0_img26,data/raw/p0_img26.png,Good,VGG16,vgg16,Good,0.763718,0.236282,1,outputs/checkpoints/best_vgg16_lr0.0001.pth,0.0001,1xptjn7v,29,0.8444444444444444
p0_img27,data/raw/p0_img27.png,Good,VGG16,vgg16,Good,0.999488,0.000512,1,outputs/checkpoints/best_vgg16_lr0.0001.pth,0.0001,1xptjn7v,29,0.8444444444444444
p0_img28,data/raw/p0_img28.png,Good,VGG16,vgg16,Good,0.993731,0.006269,1,outputs/checkpoints/best_vgg16_lr0.0001.pth,0.0001,1xptjn7v,29,0.8444444444444444
p0_img29,data/raw/p0_img29.png,Good,VGG16,vgg16,Good,0.967828,0.032172,1,outputs/checkpoints/best_vgg16_lr0.0001.pth,0.0001,1xptjn7v,29,0.8444444444444444
p1_seed0,data/raw/p1_seed0.jpg,Bad,VGG16,vgg16,Bad,0.023652,0.976348,1,outputs/checkpoints/best_vgg16_lr0.0001.pth,0.0001,1xptjn7v,29,0.8444444444444444
p1_seed10,data/raw/p1_seed10.jpg,Bad,VGG16,vgg16,Good,0.975632,0.024368,0,outputs/checkpoints/best_vgg16_lr0.0001.pth,0.0001,1xptjn7v,29,0.8444444444444444
p1_seed12,data/raw/p1_seed12.jpg,Bad,VGG16,vgg16,Bad,0.047712,0.952288,1,outputs/checkpoints/best_vgg16_lr0.0001.pth,0.0001,1xptjn7v,29,0.8444444444444444
p1_seed2,data/raw/p1_seed2.jpg,Bad,VGG16,vgg16,Good,0.983286,0.016714,0,outputs/checkpoints/best_vgg16_lr0.0001.pth,0.0001,1xptjn7v,29,0.8444444444444444
p1_seed3,data/raw/p1_seed3.jpg,Bad,VGG16,vgg16,Good,0.984651,0.015349,0,outputs/checkpoints/best_vgg16_lr0.0001.pth,0.0001,1xptjn7v,29,0.8444444444444444
p1_seed4,data/raw/p1_seed4.jpg,Bad,VGG16,vgg16,Good,0.887097,0.112903,0,outputs/checkpoints/best_vgg16_lr0.0001.pth,0.0001,1xptjn7v,29,0.8444444444444444
p1_seed5,data/raw/p1_seed5.jpg,Bad,VGG16,vgg16,Bad,0.303543,0.696457,1,outputs/checkpoints/best_vgg16_lr0.0001.pth,0.0001,1xptjn7v,29,0.8444444444444444
p1_seed7,data/raw/p1_seed7.jpg,Bad,VGG16,vgg16,Good,0.984314,0.015686,0,outputs/checkpoints/best_vgg16_lr0.0001.pth,0.0001,1xptjn7v,29,0.8444444444444444
p1_seed8,data/raw/p1_seed8.jpg,Bad,VGG16,vgg16,Bad,0.027458,0.972542,1,outputs/checkpoints/best_vgg16_lr0.0001.pth,0.0001,1xptjn7v,29,0.8444444444444444
p2_img12,data/raw/p2_img12.png,Bad,VGG16,vgg16,Good,0.99913,0.00087,0,outputs/checkpoints/best_vgg16_lr0.0001.pth,0.0001,1xptjn7v,29,0.8444444444444444
p2_img15,data/raw/p2_img15.png,Bad,VGG16,vgg16,Good,0.642546,0.357454,0,outputs/checkpoints/best_vgg16_lr0.0001.pth,0.0001,1xptjn7v,29,0.8444444444444444
p2_img18,data/raw/p2_img18.png,Bad,VGG16,vgg16,Good,0.999466,0.000534,0,outputs/checkpoints/best_vgg16_lr0.0001.pth,0.0001,1xptjn7v,29,0.8444444444444444
p2_img19,data/raw/p2_img19.png,Good,VGG16,vgg16,Good,1.0,0.0,1,outputs/checkpoints/best_vgg16_lr0.0001.pth,0.0001,1xptjn7v,29,0.8444444444444444
p2_seed0,data/raw/p2_seed0.jpg,Good,VGG16,vgg16,Good,0.99624,0.00376,1,outputs/checkpoints/best_vgg16_lr0.0001.pth,0.0001,1xptjn7v,29,0.8444444444444444
p2_seed1,data/raw/p2_seed1.jpg,Good,VGG16,vgg16,Good,0.999544,0.000456,1,outputs/checkpoints/best_vgg16_lr0.0001.pth,0.0001,1xptjn7v,29,0.8444444444444444
p2_seed2,data/raw/p2_seed2.jpg,Good,VGG16,vgg16,Good,1.0,0.0,1,outputs/checkpoints/best_vgg16_lr0.0001.pth,0.0001,1xptjn7v,29,0.8444444444444444
p2_seed3,data/raw/p2_seed3.jpg,Good,VGG16,vgg16,Good,0.984332,0.015668,1,outputs/checkpoints/best_vgg16_lr0.0001.pth,0.0001,1xptjn7v,29,0.8444444444444444
p2_seed4,data/raw/p2_seed4.jpg,Good,VGG16,vgg16,Good,1.0,0.0,1,outputs/checkpoints/best_vgg16_lr0.0001.pth,0.0001,1xptjn7v,29,0.8444444444444444
p2_seed5,data/raw/p2_seed5.jpg,Good,VGG16,vgg16,Good,0.999185,0.000815,1,outputs/checkpoints/best_vgg16_lr0.0001.pth,0.0001,1xptjn7v,29,0.8444444444444444
p2_seed6,data/raw/p2_seed6.jpg,Good,VGG16,vgg16,Good,0.997641,0.002359,1,outputs/checkpoints/best_vgg16_lr0.0001.pth,0.0001,1xptjn7v,29,0.8444444444444444
p2_seed7,data/raw/p2_seed7.jpg,Good,VGG16,vgg16,Good,0.999709,0.000291,1,outputs/checkpoints/best_vgg16_lr0.0001.pth,0.0001,1xptjn7v,29,0.8444444444444444
p3_img10,data/raw/p3_img10.png,Good,VGG16,vgg16,Good,0.993429,0.006571,1,outputs/checkpoints/best_vgg16_lr0.0001.pth,0.0001,1xptjn7v,29,0.8444444444444444
p3_img11,data/raw/p3_img11.png,Good,VGG16,vgg16,Good,0.984279,0.015721,1,outputs/checkpoints/best_vgg16_lr0.0001.pth,0.0001,1xptjn7v,29,0.8444444444444444
p3_img12,data/raw/p3_img12.png,Bad,VGG16,vgg16,Bad,0.422536,0.577464,1,outputs/checkpoints/best_vgg16_lr0.0001.pth,0.0001,1xptjn7v,29,0.8444444444444444
p3_img13,data/raw/p3_img13.png,Good,VGG16,vgg16,Good,1.0,0.0,1,outputs/checkpoints/best_vgg16_lr0.0001.pth,0.0001,1xptjn7v,29,0.8444444444444444
p3_img14,data/raw/p3_img14.png,Good,VGG16,vgg16,Good,0.999759,0.000241,1,outputs/checkpoints/best_vgg16_lr0.0001.pth,0.0001,1xptjn7v,29,0.8444444444444444
p3_img15,data/raw/p3_img15.png,Good,VGG16,vgg16,Good,0.999865,0.000135,1,outputs/checkpoints/best_vgg16_lr0.0001.pth,0.0001,1xptjn7v,29,0.8444444444444444
p3_img16,data/raw/p3_img16.png,Good,VGG16,vgg16,Good,0.999177,0.000823,1,outputs/checkpoints/best_vgg16_lr0.0001.pth,0.0001,1xptjn7v,29,0.8444444444444444
p3_img17,data/raw/p3_img17.png,Good,VGG16,vgg16,Good,0.999998,2e-06,1,outputs/checkpoints/best_vgg16_lr0.0001.pth,0.0001,1xptjn7v,29,0.8444444444444444
p3_img18,data/raw/p3_img18.png,Bad,VGG16,vgg16,Bad,0.499436,0.500564,1,outputs/checkpoints/best_vgg16_lr0.0001.pth,0.0001,1xptjn7v,29,0.8444444444444444
p3_img19,data/raw/p3_img19.png,Bad,VGG16,vgg16,Good,0.775531,0.224469,0,outputs/checkpoints/best_vgg16_lr0.0001.pth,0.0001,1xptjn7v,29,0.8444444444444444
p4_seed0,data/raw/p4_seed0.jpg,Good,VGG16,vgg16,Good,0.989539,0.010461,1,outputs/checkpoints/best_vgg16_lr0.0001.pth,0.0001,1xptjn7v,29,0.8444444444444444
p4_seed1,data/raw/p4_seed1.jpg,Good,VGG16,vgg16,Good,0.999805,0.000195,1,outputs/checkpoints/best_vgg16_lr0.0001.pth,0.0001,1xptjn7v,29,0.8444444444444444
p4_seed17,data/raw/p4_seed17.jpg,Bad,VGG16,vgg16,Bad,0.016097,0.983903,1,outputs/checkpoints/best_vgg16_lr0.0001.pth,0.0001,1xptjn7v,29,0.8444444444444444
p4_seed26,data/raw/p4_seed26.jpg,Bad,VGG16,vgg16,Good,0.985045,0.014955,0,outputs/checkpoints/best_vgg16_lr0.0001.pth,0.0001,1xptjn7v,29,0.8444444444444444
p4_seed3,data/raw/p4_seed3.jpg,Bad,VGG16,vgg16,Good,0.932166,0.067834,0,outputs/checkpoints/best_vgg16_lr0.0001.pth,0.0001,1xptjn7v,29,0.8444444444444444
p4_seed7,data/raw/p4_seed7.jpg,Good,VGG16,vgg16,Good,0.998989,0.001011,1,outputs/checkpoints/best_vgg16_lr0.0001.pth,0.0001,1xptjn7v,29,0.8444444444444444
p4_seed8,data/raw/p4_seed8.jpg,Good,VGG16,vgg16,Bad,0.445755,0.554245,0,outputs/checkpoints/best_vgg16_lr0.0001.pth,0.0001,1xptjn7v,29,0.8444444444444444
p4_seed9,data/raw/p4_seed9.jpg,Good,VGG16,vgg16,Good,0.999904,9.6e-05,1,outputs/checkpoints/best_vgg16_lr0.0001.pth,0.0001,1xptjn7v,29,0.8444444444444444
p5_seed23,data/raw/p5_seed23.jpg,Bad,VGG16,vgg16,Good,0.999854,0.000146,0,outputs/checkpoints/best_vgg16_lr0.0001.pth,0.0001,1xptjn7v,29,0.8444444444444444
p5_seed24,data/raw/p5_seed24.jpg,Bad,VGG16,vgg16,Good,0.578948,0.421052,0,outputs/checkpoints/best_vgg16_lr0.0001.pth,0.0001,1xptjn7v,29,0.8444444444444444
p5_seed25,data/raw/p5_seed25.jpg,Bad,VGG16,vgg16,Good,0.999979,2.1e-05,0,outputs/checkpoints/best_vgg16_lr0.0001.pth,0.0001,1xptjn7v,29,0.8444444444444444
p5_seed28,data/raw/p5_seed28.jpg,Bad,VGG16,vgg16,Good,1.0,0.0,0,outputs/checkpoints/best_vgg16_lr0.0001.pth,0.0001,1xptjn7v,29,0.8444444444444444
p6_img10,data/raw/p6_img10.png,Bad,VGG16,vgg16,Bad,0.006968,0.993032,1,outputs/checkpoints/best_vgg16_lr0.0001.pth,0.0001,1xptjn7v,29,0.8444444444444444
p6_img11,data/raw/p6_img11.png,Bad,VGG16,vgg16,Bad,0.10029,0.89971,1,outputs/checkpoints/best_vgg16_lr0.0001.pth,0.0001,1xptjn7v,29,0.8444444444444444
p6_img12,data/raw/p6_img12.png,Bad,VGG16,vgg16,Bad,0.022995,0.977005,1,outputs/checkpoints/best_vgg16_lr0.0001.pth,0.0001,1xptjn7v,29,0.8444444444444444
p6_img13,data/raw/p6_img13.png,Good,VGG16,vgg16,Bad,0.060931,0.939069,0,outputs/checkpoints/best_vgg16_lr0.0001.pth,0.0001,1xptjn7v,29,0.8444444444444444
p6_img14,data/raw/p6_img14.png,Bad,VGG16,vgg16,Bad,0.141954,0.858046,1,outputs/checkpoints/best_vgg16_lr0.0001.pth,0.0001,1xptjn7v,29,0.8444444444444444
p6_img15,data/raw/p6_img15.png,Good,VGG16,vgg16,Bad,0.268634,0.731366,0,outputs/checkpoints/best_vgg16_lr0.0001.pth,0.0001,1xptjn7v,29,0.8444444444444444
p6_img16,data/raw/p6_img16.png,Good,VGG16,vgg16,Bad,0.282219,0.717781,0,outputs/checkpoints/best_vgg16_lr0.0001.pth,0.0001,1xptjn7v,29,0.8444444444444444
p6_img17,data/raw/p6_img17.png,Bad,VGG16,vgg16,Bad,0.018624,0.981376,1,outputs/checkpoints/best_vgg16_lr0.0001.pth,0.0001,1xptjn7v,29,0.8444444444444444
p6_img18,data/raw/p6_img18.png,Bad,VGG16,vgg16,Bad,0.188884,0.811116,1,outputs/checkpoints/best_vgg16_lr0.0001.pth,0.0001,1xptjn7v,29,0.8444444444444444
p6_img19,data/raw/p6_img19.png,Bad,VGG16,vgg16,Bad,0.060047,0.939953,1,outputs/checkpoints/best_vgg16_lr0.0001.pth,0.0001,1xptjn7v,29,0.8444444444444444
p6_seed10,data/raw/p6_seed10.jpg,Bad,VGG16,vgg16,Good,0.928081,0.071919,0,outputs/checkpoints/best_vgg16_lr0.0001.pth,0.0001,1xptjn7v,29,0.8444444444444444
p6_seed11,data/raw/p6_seed11.jpg,Good,VGG16,vgg16,Good,0.950183,0.049817,1,outputs/checkpoints/best_vgg16_lr0.0001.pth,0.0001,1xptjn7v,29,0.8444444444444444
p6_seed12,data/raw/p6_seed12.jpg,Bad,VGG16,vgg16,Good,0.9663,0.0337,0,outputs/checkpoints/best_vgg16_lr0.0001.pth,0.0001,1xptjn7v,29,0.8444444444444444
p6_seed15,data/raw/p6_seed15.jpg,Bad,VGG16,vgg16,Good,0.922799,0.077201,0,outputs/checkpoints/best_vgg16_lr0.0001.pth,0.0001,1xptjn7v,29,0.8444444444444444
p6_seed16,data/raw/p6_seed16.jpg,Bad,VGG16,vgg16,Good,0.999027,0.000973,0,outputs/checkpoints/best_vgg16_lr0.0001.pth,0.0001,1xptjn7v,29,0.8444444444444444
p6_seed17,data/raw/p6_seed17.jpg,Bad,VGG16,vgg16,Good,0.959091,0.040909,0,outputs/checkpoints/best_vgg16_lr0.0001.pth,0.0001,1xptjn7v,29,0.8444444444444444
p6_seed18,data/raw/p6_seed18.jpg,Bad,VGG16,vgg16,Good,0.989025,0.010975,0,outputs/checkpoints/best_vgg16_lr0.0001.pth,0.0001,1xptjn7v,29,0.8444444444444444
p7_img10,data/raw/p7_img10.png,Good,VGG16,vgg16,Good,0.999966,3.4e-05,1,outputs/checkpoints/best_vgg16_lr0.0001.pth,0.0001,1xptjn7v,29,0.8444444444444444
p7_img11,data/raw/p7_img11.png,Good,VGG16,vgg16,Good,0.998311,0.001689,1,outputs/checkpoints/best_vgg16_lr0.0001.pth,0.0001,1xptjn7v,29,0.8444444444444444
p7_img12,data/raw/p7_img12.png,Bad,VGG16,vgg16,Bad,0.101941,0.898059,1,outputs/checkpoints/best_vgg16_lr0.0001.pth,0.0001,1xptjn7v,29,0.8444444444444444
p7_img13,data/raw/p7_img13.png,Good,VGG16,vgg16,Good,0.999959,4.1e-05,1,outputs/checkpoints/best_vgg16_lr0.0001.pth,0.0001,1xptjn7v,29,0.8444444444444444
p7_img14,data/raw/p7_img14.png,Good,VGG16,vgg16,Good,0.999996,4e-06,1,outputs/checkpoints/best_vgg16_lr0.0001.pth,0.0001,1xptjn7v,29,0.8444444444444444
p7_img15,data/raw/p7_img15.png,Good,VGG16,vgg16,Good,0.993943,0.006057,1,outputs/checkpoints/best_vgg16_lr0.0001.pth,0.0001,1xptjn7v,29,0.8444444444444444
p7_img16,data/raw/p7_img16.png,Good,VGG16,vgg16,Good,0.999981,1.9e-05,1,outputs/checkpoints/best_vgg16_lr0.0001.pth,0.0001,1xptjn7v,29,0.8444444444444444
p7_img17,data/raw/p7_img17.png,Good,VGG16,vgg16,Good,0.99999,1e-05,1,outputs/checkpoints/best_vgg16_lr0.0001.pth,0.0001,1xptjn7v,29,0.8444444444444444
p7_img18,data/raw/p7_img18.png,Good,VGG16,vgg16,Good,0.998162,0.001838,1,outputs/checkpoints/best_vgg16_lr0.0001.pth,0.0001,1xptjn7v,29,0.8444444444444444
p7_img19,data/raw/p7_img19.png,Good,VGG16,vgg16,Good,0.99974,0.00026,1,outputs/checkpoints/best_vgg16_lr0.0001.pth,0.0001,1xptjn7v,29,0.8444444444444444
p9_img1,data/raw/p9_img1.png,Bad,VGG16,vgg16,Good,0.973516,0.026485,0,outputs/checkpoints/best_vgg16_lr0.0001.pth,0.0001,1xptjn7v,29,0.8444444444444444
p9_img12,data/raw/p9_img12.png,Bad,VGG16,vgg16,Good,0.629555,0.370445,0,outputs/checkpoints/best_vgg16_lr0.0001.pth,0.0001,1xptjn7v,29,0.8444444444444444
p9_img14,data/raw/p9_img14.png,Bad,VGG16,vgg16,Good,0.999993,7e-06,0,outputs/checkpoints/best_vgg16_lr0.0001.pth,0.0001,1xptjn7v,29,0.8444444444444444
p9_img16,data/raw/p9_img16.png,Bad,VGG16,vgg16,Good,0.892516,0.107484,0,outputs/checkpoints/best_vgg16_lr0.0001.pth,0.0001,1xptjn7v,29,0.8444444444444444
p9_img17,data/raw/p9_img17.png,Bad,VGG16,vgg16,Good,0.919788,0.080212,0,outputs/checkpoints/best_vgg16_lr0.0001.pth,0.0001,1xptjn7v,29,0.8444444444444444
p9_img2,data/raw/p9_img2.png,Bad,VGG16,vgg16,Bad,0.410502,0.589498,1,outputs/checkpoints/best_vgg16_lr0.0001.pth,0.0001,1xptjn7v,29,0.8444444444444444
p9_img20,data/raw/p9_img20.png,Bad,VGG16,vgg16,Good,0.858042,0.141958,0,outputs/checkpoints/best_vgg16_lr0.0001.pth,0.0001,1xptjn7v,29,0.8444444444444444
p9_img21,data/raw/p9_img21.png,Bad,VGG16,vgg16,Good,0.999323,0.000677,0,outputs/checkpoints/best_vgg16_lr0.0001.pth,0.0001,1xptjn7v,29,0.8444444444444444
p9_img27,data/raw/p9_img27.png,Bad,VGG16,vgg16,Good,0.984311,0.015689,0,outputs/checkpoints/best_vgg16_lr0.0001.pth,0.0001,1xptjn7v,29,0.8444444444444444
p9_img3,data/raw/p9_img3.png,Bad,VGG16,vgg16,Good,0.554017,0.445983,0,outputs/checkpoints/best_vgg16_lr0.0001.pth,0.0001,1xptjn7v,29,0.8444444444444444
p9_img4,data/raw/p9_img4.png,Bad,VGG16,vgg16,Good,0.893715,0.106285,0,outputs/checkpoints/best_vgg16_lr0.0001.pth,0.0001,1xptjn7v,29,0.8444444444444444
p9_img5,data/raw/p9_img5.png,Bad,VGG16,vgg16,Good,0.999655,0.000345,0,outputs/checkpoints/best_vgg16_lr0.0001.pth,0.0001,1xptjn7v,29,0.8444444444444444
p9_img6,data/raw/p9_img6.png,Bad,VGG16,vgg16,Good,0.988962,0.011038,0,outputs/checkpoints/best_vgg16_lr0.0001.pth,0.0001,1xptjn7v,29,0.8444444444444444
p0_img1,data/raw/p0_img1.png,Bad,ResNet18,resnet18,Bad,0.439648,0.560352,1,outputs/checkpoints/best_resnet18_lr0.001.pth,0.001,dm8ovhqt,5,0.8321167883211679
p0_img10,data/raw/p0_img10.png,Good,ResNet18,resnet18,Good,0.973825,0.026175,1,outputs/checkpoints/best_resnet18_lr0.001.pth,0.001,dm8ovhqt,5,0.8321167883211679
p0_img11,data/raw/p0_img11.png,Good,ResNet18,resnet18,Good,0.727511,0.272489,1,outputs/checkpoints/best_resnet18_lr0.001.pth,0.001,dm8ovhqt,5,0.8321167883211679
p0_img12,data/raw/p0_img12.png,Good,ResNet18,resnet18,Good,0.956012,0.043988,1,outputs/checkpoints/best_resnet18_lr0.001.pth,0.001,dm8ovhqt,5,0.8321167883211679
p0_img13,data/raw/p0_img13.png,Good,ResNet18,resnet18,Good,0.988437,0.011563,1,outputs/checkpoints/best_resnet18_lr0.001.pth,0.001,dm8ovhqt,5,0.8321167883211679
p0_img18,data/raw/p0_img18.png,Good,ResNet18,resnet18,Good,0.741662,0.258338,1,outputs/checkpoints/best_resnet18_lr0.001.pth,0.001,dm8ovhqt,5,0.8321167883211679
p0_img19,data/raw/p0_img19.png,Good,ResNet18,resnet18,Good,0.945081,0.054919,1,outputs/checkpoints/best_resnet18_lr0.001.pth,0.001,dm8ovhqt,5,0.8321167883211679
p0_img20,data/raw/p0_img20.png,Good,ResNet18,resnet18,Good,0.979004,0.020996,1,outputs/checkpoints/best_resnet18_lr0.001.pth,0.001,dm8ovhqt,5,0.8321167883211679
p0_img21,data/raw/p0_img21.png,Good,ResNet18,resnet18,Good,0.742458,0.257542,1,outputs/checkpoints/best_resnet18_lr0.001.pth,0.001,dm8ovhqt,5,0.8321167883211679
p0_img22,data/raw/p0_img22.png,Good,ResNet18,resnet18,Good,0.570633,0.429367,1,outputs/checkpoints/best_resnet18_lr0.001.pth,0.001,dm8ovhqt,5,0.8321167883211679
p0_img23,data/raw/p0_img23.png,Good,ResNet18,resnet18,Good,0.816716,0.183284,1,outputs/checkpoints/best_resnet18_lr0.001.pth,0.001,dm8ovhqt,5,0.8321167883211679
p0_img24,data/raw/p0_img24.png,Good,ResNet18,resnet18,Good,0.607301,0.392699,1,outputs/checkpoints/best_resnet18_lr0.001.pth,0.001,dm8ovhqt,5,0.8321167883211679
p0_img25,data/raw/p0_img25.png,Good,ResNet18,resnet18,Good,0.794474,0.205526,1,outputs/checkpoints/best_resnet18_lr0.001.pth,0.001,dm8ovhqt,5,0.8321167883211679
p0_img26,data/raw/p0_img26.png,Good,ResNet18,resnet18,Good,0.989272,0.010728,1,outputs/checkpoints/best_resnet18_lr0.001.pth,0.001,dm8ovhqt,5,0.8321167883211679
p0_img27,data/raw/p0_img27.png,Good,ResNet18,resnet18,Good,0.825675,0.174325,1,outputs/checkpoints/best_resnet18_lr0.001.pth,0.001,dm8ovhqt,5,0.8321167883211679
p0_img28,data/raw/p0_img28.png,Good,ResNet18,resnet18,Good,0.683523,0.316477,1,outputs/checkpoints/best_resnet18_lr0.001.pth,0.001,dm8ovhqt,5,0.8321167883211679
p0_img29,data/raw/p0_img29.png,Good,ResNet18,resnet18,Good,0.985372,0.014628,1,outputs/checkpoints/best_resnet18_lr0.001.pth,0.001,dm8ovhqt,5,0.8321167883211679
p1_seed0,data/raw/p1_seed0.jpg,Bad,ResNet18,resnet18,Good,0.500807,0.499193,0,outputs/checkpoints/best_resnet18_lr0.001.pth,0.001,dm8ovhqt,5,0.8321167883211679
p1_seed10,data/raw/p1_seed10.jpg,Bad,ResNet18,resnet18,Good,0.88588,0.11412,0,outputs/checkpoints/best_resnet18_lr0.001.pth,0.001,dm8ovhqt,5,0.8321167883211679
p1_seed12,data/raw/p1_seed12.jpg,Bad,ResNet18,resnet18,Bad,0.157629,0.842371,1,outputs/checkpoints/best_resnet18_lr0.001.pth,0.001,dm8ovhqt,5,0.8321167883211679
p1_seed2,data/raw/p1_seed2.jpg,Bad,ResNet18,resnet18,Good,0.831235,0.168765,0,outputs/checkpoints/best_resnet18_lr0.001.pth,0.001,dm8ovhqt,5,0.8321167883211679
p1_seed3,data/raw/p1_seed3.jpg,Bad,ResNet18,resnet18,Good,0.609477,0.390523,0,outputs/checkpoints/best_resnet18_lr0.001.pth,0.001,dm8ovhqt,5,0.8321167883211679
p1_seed4,data/raw/p1_seed4.jpg,Bad,ResNet18,resnet18,Bad,0.403054,0.596946,1,outputs/checkpoints/best_resnet18_lr0.001.pth,0.001,dm8ovhqt,5,0.8321167883211679
p1_seed5,data/raw/p1_seed5.jpg,Bad,ResNet18,resnet18,Good,0.734603,0.265397,0,outputs/checkpoints/best_resnet18_lr0.001.pth,0.001,dm8ovhqt,5,0.8321167883211679
p1_seed7,data/raw/p1_seed7.jpg,Bad,ResNet18,resnet18,Bad,0.489202,0.510798,1,outputs/checkpoints/best_resnet18_lr0.001.pth,0.001,dm8ovhqt,5,0.8321167883211679
p1_seed8,data/raw/p1_seed8.jpg,Bad,ResNet18,resnet18,Bad,0.453195,0.546805,1,outputs/checkpoints/best_resnet18_lr0.001.pth,0.001,dm8ovhqt,5,0.8321167883211679
p2_img12,data/raw/p2_img12.png,Bad,ResNet18,resnet18,Good,0.864834,0.135166,0,outputs/checkpoints/best_resnet18_lr0.001.pth,0.001,dm8ovhqt,5,0.8321167883211679
p2_img15,data/raw/p2_img15.png,Bad,ResNet18,resnet18,Good,0.535466,0.464534,0,outputs/checkpoints/best_resnet18_lr0.001.pth,0.001,dm8ovhqt,5,0.8321167883211679
p2_img18,data/raw/p2_img18.png,Bad,ResNet18,resnet18,Good,0.804583,0.195417,0,outputs/checkpoints/best_resnet18_lr0.001.pth,0.001,dm8ovhqt,5,0.8321167883211679
p2_img19,data/raw/p2_img19.png,Good,ResNet18,resnet18,Good,0.971393,0.028607,1,outputs/checkpoints/best_resnet18_lr0.001.pth,0.001,dm8ovhqt,5,0.8321167883211679
p2_seed0,data/raw/p2_seed0.jpg,Good,ResNet18,resnet18,Good,0.983633,0.016367,1,outputs/checkpoints/best_resnet18_lr0.001.pth,0.001,dm8ovhqt,5,0.8321167883211679
p2_seed1,data/raw/p2_seed1.jpg,Good,ResNet18,resnet18,Good,0.886003,0.113997,1,outputs/checkpoints/best_resnet18_lr0.001.pth,0.001,dm8ovhqt,5,0.8321167883211679
p2_seed2,data/raw/p2_seed2.jpg,Good,ResNet18,resnet18,Good,0.808907,0.191093,1,outputs/checkpoints/best_resnet18_lr0.001.pth,0.001,dm8ovhqt,5,0.8321167883211679
p2_seed3,data/raw/p2_seed3.jpg,Good,ResNet18,resnet18,Bad,0.412723,0.587277,0,outputs/checkpoints/best_resnet18_lr0.001.pth,0.001,dm8ovhqt,5,0.8321167883211679
p2_seed4,data/raw/p2_seed4.jpg,Good,ResNet18,resnet18,Good,0.973888,0.026112,1,outputs/checkpoints/best_resnet18_lr0.001.pth,0.001,dm8ovhqt,5,0.8321167883211679
p2_seed5,data/raw/p2_seed5.jpg,Good,ResNet18,resnet18,Good,0.930142,0.069858,1,outputs/checkpoints/best_resnet18_lr0.001.pth,0.001,dm8ovhqt,5,0.8321167883211679
p2_seed6,data/raw/p2_seed6.jpg,Good,ResNet18,resnet18,Good,0.72167,0.27833,1,outputs/checkpoints/best_resnet18_lr0.001.pth,0.001,dm8ovhqt,5,0.8321167883211679
p2_seed7,data/raw/p2_seed7.jpg,Good,ResNet18,resnet18,Good,0.798735,0.201265,1,outputs/checkpoints/best_resnet18_lr0.001.pth,0.001,dm8ovhqt,5,0.8321167883211679
p3_img10,data/raw/p3_img10.png,Good,ResNet18,resnet18,Good,0.762522,0.237478,1,outputs/checkpoints/best_resnet18_lr0.001.pth,0.001,dm8ovhqt,5,0.8321167883211679
p3_img11,data/raw/p3_img11.png,Good,ResNet18,resnet18,Good,0.642395,0.357605,1,outputs/checkpoints/best_resnet18_lr0.001.pth,0.001,dm8ovhqt,5,0.8321167883211679
p3_img12,data/raw/p3_img12.png,Bad,ResNet18,resnet18,Good,0.545637,0.454363,0,outputs/checkpoints/best_resnet18_lr0.001.pth,0.001,dm8ovhqt,5,0.8321167883211679
p3_img13,data/raw/p3_img13.png,Good,ResNet18,resnet18,Good,0.936013,0.063987,1,outputs/checkpoints/best_resnet18_lr0.001.pth,0.001,dm8ovhqt,5,0.8321167883211679
p3_img14,data/raw/p3_img14.png,Good,ResNet18,resnet18,Good,0.695304,0.304696,1,outputs/checkpoints/best_resnet18_lr0.001.pth,0.001,dm8ovhqt,5,0.8321167883211679
p3_img15,data/raw/p3_img15.png,Good,ResNet18,resnet18,Good,0.936805,0.063195,1,outputs/checkpoints/best_resnet18_lr0.001.pth,0.001,dm8ovhqt,5,0.8321167883211679
p3_img16,data/raw/p3_img16.png,Good,ResNet18,resnet18,Good,0.966716,0.033284,1,outputs/checkpoints/best_resnet18_lr0.001.pth,0.001,dm8ovhqt,5,0.8321167883211679
p3_img17,data/raw/p3_img17.png,Good,ResNet18,resnet18,Good,0.788206,0.211794,1,outputs/checkpoints/best_resnet18_lr0.001.pth,0.001,dm8ovhqt,5,0.8321167883211679
p3_img18,data/raw/p3_img18.png,Bad,ResNet18,resnet18,Bad,0.317691,0.682309,1,outputs/checkpoints/best_resnet18_lr0.001.pth,0.001,dm8ovhqt,5,0.8321167883211679
p3_img19,data/raw/p3_img19.png,Bad,ResNet18,resnet18,Bad,0.457588,0.542412,1,outputs/checkpoints/best_resnet18_lr0.001.pth,0.001,dm8ovhqt,5,0.8321167883211679
p4_seed0,data/raw/p4_seed0.jpg,Good,ResNet18,resnet18,Good,0.968846,0.031154,1,outputs/checkpoints/best_resnet18_lr0.001.pth,0.001,dm8ovhqt,5,0.8321167883211679
p4_seed1,data/raw/p4_seed1.jpg,Good,ResNet18,resnet18,Good,0.96857,0.03143,1,outputs/checkpoints/best_resnet18_lr0.001.pth,0.001,dm8ovhqt,5,0.8321167883211679
p4_seed17,data/raw/p4_seed17.jpg,Bad,ResNet18,resnet18,Bad,0.260386,0.739614,1,outputs/checkpoints/best_resnet18_lr0.001.pth,0.001,dm8ovhqt,5,0.8321167883211679
p4_seed26,data/raw/p4_seed26.jpg,Bad,ResNet18,resnet18,Good,0.999866,0.000135,0,outputs/checkpoints/best_resnet18_lr0.001.pth,0.001,dm8ovhqt,5,0.8321167883211679
p4_seed3,data/raw/p4_seed3.jpg,Bad,ResNet18,resnet18,Bad,0.447355,0.552645,1,outputs/checkpoints/best_resnet18_lr0.001.pth,0.001,dm8ovhqt,5,0.8321167883211679
p4_seed7,data/raw/p4_seed7.jpg,Good,ResNet18,resnet18,Good,0.964512,0.035488,1,outputs/checkpoints/best_resnet18_lr0.001.pth,0.001,dm8ovhqt,5,0.8321167883211679
p4_seed8,data/raw/p4_seed8.jpg,Good,ResNet18,resnet18,Good,0.993472,0.006529,1,outputs/checkpoints/best_resnet18_lr0.001.pth,0.001,dm8ovhqt,5,0.8321167883211679
p4_seed9,data/raw/p4_seed9.jpg,Good,ResNet18,resnet18,Good,0.971776,0.028224,1,outputs/checkpoints/best_resnet18_lr0.001.pth,0.001,dm8ovhqt,5,0.8321167883211679
p5_seed23,data/raw/p5_seed23.jpg,Bad,ResNet18,resnet18,Good,0.982974,0.017026,0,outputs/checkpoints/best_resnet18_lr0.001.pth,0.001,dm8ovhqt,5,0.8321167883211679
p5_seed24,data/raw/p5_seed24.jpg,Bad,ResNet18,resnet18,Good,0.828491,0.171509,0,outputs/checkpoints/best_resnet18_lr0.001.pth,0.001,dm8ovhqt,5,0.8321167883211679
p5_seed25,data/raw/p5_seed25.jpg,Bad,ResNet18,resnet18,Good,0.629109,0.370891,0,outputs/checkpoints/best_resnet18_lr0.001.pth,0.001,dm8ovhqt,5,0.8321167883211679
p5_seed28,data/raw/p5_seed28.jpg,Bad,ResNet18,resnet18,Good,0.909927,0.090073,0,outputs/checkpoints/best_resnet18_lr0.001.pth,0.001,dm8ovhqt,5,0.8321167883211679
p6_img10,data/raw/p6_img10.png,Bad,ResNet18,resnet18,Bad,0.474602,0.525398,1,outputs/checkpoints/best_resnet18_lr0.001.pth,0.001,dm8ovhqt,5,0.8321167883211679
p6_img11,data/raw/p6_img11.png,Bad,ResNet18,resnet18,Bad,0.294311,0.705689,1,outputs/checkpoints/best_resnet18_lr0.001.pth,0.001,dm8ovhqt,5,0.8321167883211679
p6_img12,data/raw/p6_img12.png,Bad,ResNet18,resnet18,Good,0.500479,0.499521,0,outputs/checkpoints/best_resnet18_lr0.001.pth,0.001,dm8ovhqt,5,0.8321167883211679
p6_img13,data/raw/p6_img13.png,Good,ResNet18,resnet18,Good,0.638237,0.361763,1,outputs/checkpoints/best_resnet18_lr0.001.pth,0.001,dm8ovhqt,5,0.8321167883211679
p6_img14,data/raw/p6_img14.png,Bad,ResNet18,resnet18,Bad,0.422706,0.577294,1,outputs/checkpoints/best_resnet18_lr0.001.pth,0.001,dm8ovhqt,5,0.8321167883211679
p6_img15,data/raw/p6_img15.png,Good,ResNet18,resnet18,Bad,0.29942,0.70058,0,outputs/checkpoints/best_resnet18_lr0.001.pth,0.001,dm8ovhqt,5,0.8321167883211679
p6_img16,data/raw/p6_img16.png,Good,ResNet18,resnet18,Good,0.766696,0.233304,1,outputs/checkpoints/best_resnet18_lr0.001.pth,0.001,dm8ovhqt,5,0.8321167883211679
p6_img17,data/raw/p6_img17.png,Bad,ResNet18,resnet18,Bad,0.282306,0.717694,1,outputs/checkpoints/best_resnet18_lr0.001.pth,0.001,dm8ovhqt,5,0.8321167883211679
p6_img18,data/raw/p6_img18.png,Bad,ResNet18,resnet18,Bad,0.237647,0.762353,1,outputs/checkpoints/best_resnet18_lr0.001.pth,0.001,dm8ovhqt,5,0.8321167883211679
p6_img19,data/raw/p6_img19.png,Bad,ResNet18,resnet18,Good,0.509078,0.490922,0,outputs/checkpoints/best_resnet18_lr0.001.pth,0.001,dm8ovhqt,5,0.8321167883211679
p6_seed10,data/raw/p6_seed10.jpg,Bad,ResNet18,resnet18,Bad,0.27399,0.72601,1,outputs/checkpoints/best_resnet18_lr0.001.pth,0.001,dm8ovhqt,5,0.8321167883211679
p6_seed11,data/raw/p6_seed11.jpg,Good,ResNet18,resnet18,Good,0.595193,0.404807,1,outputs/checkpoints/best_resnet18_lr0.001.pth,0.001,dm8ovhqt,5,0.8321167883211679
p6_seed12,data/raw/p6_seed12.jpg,Bad,ResNet18,resnet18,Bad,0.402319,0.597681,1,outputs/checkpoints/best_resnet18_lr0.001.pth,0.001,dm8ovhqt,5,0.8321167883211679
p6_seed15,data/raw/p6_seed15.jpg,Bad,ResNet18,resnet18,Good,0.504353,0.495647,0,outputs/checkpoints/best_resnet18_lr0.001.pth,0.001,dm8ovhqt,5,0.8321167883211679
p6_seed16,data/raw/p6_seed16.jpg,Bad,ResNet18,resnet18,Good,0.948309,0.05169,0,outputs/checkpoints/best_resnet18_lr0.001.pth,0.001,dm8ovhqt,5,0.8321167883211679
p6_seed17,data/raw/p6_seed17.jpg,Bad,ResNet18,resnet18,Good,0.788481,0.211519,0,outputs/checkpoints/best_resnet18_lr0.001.pth,0.001,dm8ovhqt,5,0.8321167883211679
p6_seed18,data/raw/p6_seed18.jpg,Bad,ResNet18,resnet18,Good,0.775918,0.224082,0,outputs/checkpoints/best_resnet18_lr0.001.pth,0.001,dm8ovhqt,5,0.8321167883211679
p7_img10,data/raw/p7_img10.png,Good,ResNet18,resnet18,Good,0.727188,0.272812,1,outputs/checkpoints/best_resnet18_lr0.001.pth,0.001,dm8ovhqt,5,0.8321167883211679
p7_img11,data/raw/p7_img11.png,Good,ResNet18,resnet18,Good,0.837896,0.162104,1,outputs/checkpoints/best_resnet18_lr0.001.pth,0.001,dm8ovhqt,5,0.8321167883211679
p7_img12,data/raw/p7_img12.png,Bad,ResNet18,resnet18,Good,0.922971,0.077029,0,outputs/checkpoints/best_resnet18_lr0.001.pth,0.001,dm8ovhqt,5,0.8321167883211679
p7_img13,data/raw/p7_img13.png,Good,ResNet18,resnet18,Good,0.978098,0.021902,1,outputs/checkpoints/best_resnet18_lr0.001.pth,0.001,dm8ovhqt,5,0.8321167883211679
p7_img14,data/raw/p7_img14.png,Good,ResNet18,resnet18,Good,0.910465,0.089535,1,outputs/checkpoints/best_resnet18_lr0.001.pth,0.001,dm8ovhqt,5,0.8321167883211679
p7_img15,data/raw/p7_img15.png,Good,ResNet18,resnet18,Good,0.878878,0.121122,1,outputs/checkpoints/best_resnet18_lr0.001.pth,0.001,dm8ovhqt,5,0.8321167883211679
p7_img16,data/raw/p7_img16.png,Good,ResNet18,resnet18,Good,0.978638,0.021362,1,outputs/checkpoints/best_resnet18_lr0.001.pth,0.001,dm8ovhqt,5,0.8321167883211679
p7_img17,data/raw/p7_img17.png,Good,ResNet18,resnet18,Good,0.639126,0.360874,1,outputs/checkpoints/best_resnet18_lr0.001.pth,0.001,dm8ovhqt,5,0.8321167883211679
p7_img18,data/raw/p7_img18.png,Good,ResNet18,resnet18,Good,0.887826,0.112174,1,outputs/checkpoints/best_resnet18_lr0.001.pth,0.001,dm8ovhqt,5,0.8321167883211679
p7_img19,data/raw/p7_img19.png,Good,ResNet18,resnet18,Good,0.790135,0.209865,1,outputs/checkpoints/best_resnet18_lr0.001.pth,0.001,dm8ovhqt,5,0.8321167883211679
p9_img1,data/raw/p9_img1.png,Bad,ResNet18,resnet18,Good,0.508879,0.491121,0,outputs/checkpoints/best_resnet18_lr0.001.pth,0.001,dm8ovhqt,5,0.8321167883211679
p9_img12,data/raw/p9_img12.png,Bad,ResNet18,resnet18,Good,0.500638,0.499362,0,outputs/checkpoints/best_resnet18_lr0.001.pth,0.001,dm8ovhqt,5,0.8321167883211679
p9_img14,data/raw/p9_img14.png,Bad,ResNet18,resnet18,Good,0.811153,0.188846,0,outputs/checkpoints/best_resnet18_lr0.001.pth,0.001,dm8ovhqt,5,0.8321167883211679
p9_img16,data/raw/p9_img16.png,Bad,ResNet18,resnet18,Good,0.929372,0.070628,0,outputs/checkpoints/best_resnet18_lr0.001.pth,0.001,dm8ovhqt,5,0.8321167883211679
p9_img17,data/raw/p9_img17.png,Bad,ResNet18,resnet18,Good,0.76373,0.23627,0,outputs/checkpoints/best_resnet18_lr0.001.pth,0.001,dm8ovhqt,5,0.8321167883211679
p9_img2,data/raw/p9_img2.png,Bad,ResNet18,resnet18,Bad,0.344677,0.655323,1,outputs/checkpoints/best_resnet18_lr0.001.pth,0.001,dm8ovhqt,5,0.8321167883211679
p9_img20,data/raw/p9_img20.png,Bad,ResNet18,resnet18,Good,0.710789,0.289211,0,outputs/checkpoints/best_resnet18_lr0.001.pth,0.001,dm8ovhqt,5,0.8321167883211679
p9_img21,data/raw/p9_img21.png,Bad,ResNet18,resnet18,Good,0.929063,0.070937,0,outputs/checkpoints/best_resnet18_lr0.001.pth,0.001,dm8ovhqt,5,0.8321167883211679
p9_img27,data/raw/p9_img27.png,Bad,ResNet18,resnet18,Good,0.805775,0.194225,0,outputs/checkpoints/best_resnet18_lr0.001.pth,0.001,dm8ovhqt,5,0.8321167883211679
p9_img3,data/raw/p9_img3.png,Bad,ResNet18,resnet18,Bad,0.292463,0.707537,1,outputs/checkpoints/best_resnet18_lr0.001.pth,0.001,dm8ovhqt,5,0.8321167883211679
p9_img4,data/raw/p9_img4.png,Bad,ResNet18,resnet18,Good,0.926013,0.073987,0,outputs/checkpoints/best_resnet18_lr0.001.pth,0.001,dm8ovhqt,5,0.8321167883211679
p9_img5,data/raw/p9_img5.png,Bad,ResNet18,resnet18,Good,0.999307,0.000693,0,outputs/checkpoints/best_resnet18_lr0.001.pth,0.001,dm8ovhqt,5,0.8321167883211679
p9_img6,data/raw/p9_img6.png,Bad,ResNet18,resnet18,Good,0.955315,0.044685,0,outputs/checkpoints/best_resnet18_lr0.001.pth,0.001,dm8ovhqt,5,0.8321167883211679
p0_img1,data/raw/p0_img1.png,Bad,ResNet50,resnet50,Good,0.970821,0.029179,0,outputs/checkpoints/best_resnet50_lr0.0001.pth,0.0001,p5r1yde1,5,0.8531468531468531
p0_img10,data/raw/p0_img10.png,Good,ResNet50,resnet50,Good,0.966017,0.033983,1,outputs/checkpoints/best_resnet50_lr0.0001.pth,0.0001,p5r1yde1,5,0.8531468531468531
p0_img11,data/raw/p0_img11.png,Good,ResNet50,resnet50,Good,0.993894,0.006106,1,outputs/checkpoints/best_resnet50_lr0.0001.pth,0.0001,p5r1yde1,5,0.8531468531468531
p0_img12,data/raw/p0_img12.png,Good,ResNet50,resnet50,Good,0.999193,0.000807,1,outputs/checkpoints/best_resnet50_lr0.0001.pth,0.0001,p5r1yde1,5,0.8531468531468531
p0_img13,data/raw/p0_img13.png,Good,ResNet50,resnet50,Good,0.999972,2.8e-05,1,outputs/checkpoints/best_resnet50_lr0.0001.pth,0.0001,p5r1yde1,5,0.8531468531468531
p0_img18,data/raw/p0_img18.png,Good,ResNet50,resnet50,Good,1.0,0.0,1,outputs/checkpoints/best_resnet50_lr0.0001.pth,0.0001,p5r1yde1,5,0.8531468531468531
p0_img19,data/raw/p0_img19.png,Good,ResNet50,resnet50,Good,0.999862,0.000138,1,outputs/checkpoints/best_resnet50_lr0.0001.pth,0.0001,p5r1yde1,5,0.8531468531468531
p0_img20,data/raw/p0_img20.png,Good,ResNet50,resnet50,Good,0.984918,0.015082,1,outputs/checkpoints/best_resnet50_lr0.0001.pth,0.0001,p5r1yde1,5,0.8531468531468531
p0_img21,data/raw/p0_img21.png,Good,ResNet50,resnet50,Good,0.999613,0.000387,1,outputs/checkpoints/best_resnet50_lr0.0001.pth,0.0001,p5r1yde1,5,0.8531468531468531
p0_img22,data/raw/p0_img22.png,Good,ResNet50,resnet50,Good,0.999658,0.000342,1,outputs/checkpoints/best_resnet50_lr0.0001.pth,0.0001,p5r1yde1,5,0.8531468531468531
p0_img23,data/raw/p0_img23.png,Good,ResNet50,resnet50,Good,0.992918,0.007081,1,outputs/checkpoints/best_resnet50_lr0.0001.pth,0.0001,p5r1yde1,5,0.8531468531468531
p0_img24,data/raw/p0_img24.png,Good,ResNet50,resnet50,Good,0.971043,0.028957,1,outputs/checkpoints/best_resnet50_lr0.0001.pth,0.0001,p5r1yde1,5,0.8531468531468531
p0_img25,data/raw/p0_img25.png,Good,ResNet50,resnet50,Good,0.999319,0.000681,1,outputs/checkpoints/best_resnet50_lr0.0001.pth,0.0001,p5r1yde1,5,0.8531468531468531
p0_img26,data/raw/p0_img26.png,Good,ResNet50,resnet50,Good,0.995814,0.004186,1,outputs/checkpoints/best_resnet50_lr0.0001.pth,0.0001,p5r1yde1,5,0.8531468531468531
p0_img27,data/raw/p0_img27.png,Good,ResNet50,resnet50,Good,0.994955,0.005045,1,outputs/checkpoints/best_resnet50_lr0.0001.pth,0.0001,p5r1yde1,5,0.8531468531468531
p0_img28,data/raw/p0_img28.png,Good,ResNet50,resnet50,Good,0.999209,0.000791,1,outputs/checkpoints/best_resnet50_lr0.0001.pth,0.0001,p5r1yde1,5,0.8531468531468531
p0_img29,data/raw/p0_img29.png,Good,ResNet50,resnet50,Good,0.997089,0.002911,1,outputs/checkpoints/best_resnet50_lr0.0001.pth,0.0001,p5r1yde1,5,0.8531468531468531
p1_seed0,data/raw/p1_seed0.jpg,Bad,ResNet50,resnet50,Good,0.538366,0.461634,0,outputs/checkpoints/best_resnet50_lr0.0001.pth,0.0001,p5r1yde1,5,0.8531468531468531
p1_seed10,data/raw/p1_seed10.jpg,Bad,ResNet50,resnet50,Good,0.621738,0.378262,0,outputs/checkpoints/best_resnet50_lr0.0001.pth,0.0001,p5r1yde1,5,0.8531468531468531
p1_seed12,data/raw/p1_seed12.jpg,Bad,ResNet50,resnet50,Good,0.530191,0.46981,0,outputs/checkpoints/best_resnet50_lr0.0001.pth,0.0001,p5r1yde1,5,0.8531468531468531
p1_seed2,data/raw/p1_seed2.jpg,Bad,ResNet50,resnet50,Good,0.568471,0.431529,0,outputs/checkpoints/best_resnet50_lr0.0001.pth,0.0001,p5r1yde1,5,0.8531468531468531
p1_seed3,data/raw/p1_seed3.jpg,Bad,ResNet50,resnet50,Good,0.890268,0.109732,0,outputs/checkpoints/best_resnet50_lr0.0001.pth,0.0001,p5r1yde1,5,0.8531468531468531
p1_seed4,data/raw/p1_seed4.jpg,Bad,ResNet50,resnet50,Good,0.658829,0.341171,0,outputs/checkpoints/best_resnet50_lr0.0001.pth,0.0001,p5r1yde1,5,0.8531468531468531
p1_seed5,data/raw/p1_seed5.jpg,Bad,ResNet50,resnet50,Bad,0.462201,0.537799,1,outputs/checkpoints/best_resnet50_lr0.0001.pth,0.0001,p5r1yde1,5,0.8531468531468531
p1_seed7,data/raw/p1_seed7.jpg,Bad,ResNet50,resnet50,Good,0.557998,0.442002,0,outputs/checkpoints/best_resnet50_lr0.0001.pth,0.0001,p5r1yde1,5,0.8531468531468531
p1_seed8,data/raw/p1_seed8.jpg,Bad,ResNet50,resnet50,Bad,0.318822,0.681178,1,outputs/checkpoints/best_resnet50_lr0.0001.pth,0.0001,p5r1yde1,5,0.8531468531468531
p2_img12,data/raw/p2_img12.png,Bad,ResNet50,resnet50,Good,0.923037,0.076963,0,outputs/checkpoints/best_resnet50_lr0.0001.pth,0.0001,p5r1yde1,5,0.8531468531468531
p2_img15,data/raw/p2_img15.png,Bad,ResNet50,resnet50,Good,0.973723,0.026277,0,outputs/checkpoints/best_resnet50_lr0.0001.pth,0.0001,p5r1yde1,5,0.8531468531468531
p2_img18,data/raw/p2_img18.png,Bad,ResNet50,resnet50,Good,0.816681,0.183319,0,outputs/checkpoints/best_resnet50_lr0.0001.pth,0.0001,p5r1yde1,5,0.8531468531468531
p2_img19,data/raw/p2_img19.png,Good,ResNet50,resnet50,Good,0.986997,0.013003,1,outputs/checkpoints/best_resnet50_lr0.0001.pth,0.0001,p5r1yde1,5,0.8531468531468531
p2_seed0,data/raw/p2_seed0.jpg,Good,ResNet50,resnet50,Good,0.999147,0.000853,1,outputs/checkpoints/best_resnet50_lr0.0001.pth,0.0001,p5r1yde1,5,0.8531468531468531
p2_seed1,data/raw/p2_seed1.jpg,Good,ResNet50,resnet50,Good,0.979267,0.020733,1,outputs/checkpoints/best_resnet50_lr0.0001.pth,0.0001,p5r1yde1,5,0.8531468531468531
p2_seed2,data/raw/p2_seed2.jpg,Good,ResNet50,resnet50,Good,0.984489,0.015511,1,outputs/checkpoints/best_resnet50_lr0.0001.pth,0.0001,p5r1yde1,5,0.8531468531468531
p2_seed3,data/raw/p2_seed3.jpg,Good,ResNet50,resnet50,Good,0.801126,0.198874,1,outputs/checkpoints/best_resnet50_lr0.0001.pth,0.0001,p5r1yde1,5,0.8531468531468531
p2_seed4,data/raw/p2_seed4.jpg,Good,ResNet50,resnet50,Good,0.975583,0.024417,1,outputs/checkpoints/best_resnet50_lr0.0001.pth,0.0001,p5r1yde1,5,0.8531468531468531
p2_seed5,data/raw/p2_seed5.jpg,Good,ResNet50,resnet50,Good,0.998237,0.001763,1,outputs/checkpoints/best_resnet50_lr0.0001.pth,0.0001,p5r1yde1,5,0.8531468531468531
p2_seed6,data/raw/p2_seed6.jpg,Good,ResNet50,resnet50,Good,0.996287,0.003713,1,outputs/checkpoints/best_resnet50_lr0.0001.pth,0.0001,p5r1yde1,5,0.8531468531468531
p2_seed7,data/raw/p2_seed7.jpg,Good,ResNet50,resnet50,Good,0.997943,0.002057,1,outputs/checkpoints/best_resnet50_lr0.0001.pth,0.0001,p5r1yde1,5,0.8531468531468531
p3_img10,data/raw/p3_img10.png,Good,ResNet50,resnet50,Good,0.909174,0.090826,1,outputs/checkpoints/best_resnet50_lr0.0001.pth,0.0001,p5r1yde1,5,0.8531468531468531
p3_img11,data/raw/p3_img11.png,Good,ResNet50,resnet50,Good,0.933299,0.066701,1,outputs/checkpoints/best_resnet50_lr0.0001.pth,0.0001,p5r1yde1,5,0.8531468531468531
p3_img12,data/raw/p3_img12.png,Bad,ResNet50,resnet50,Good,0.601455,0.398545,0,outputs/checkpoints/best_resnet50_lr0.0001.pth,0.0001,p5r1yde1,5,0.8531468531468531
p3_img13,data/raw/p3_img13.png,Good,ResNet50,resnet50,Good,0.999675,0.000325,1,outputs/checkpoints/best_resnet50_lr0.0001.pth,0.0001,p5r1yde1,5,0.8531468531468531
p3_img14,data/raw/p3_img14.png,Good,ResNet50,resnet50,Good,0.991983,0.008017,1,outputs/checkpoints/best_resnet50_lr0.0001.pth,0.0001,p5r1yde1,5,0.8531468531468531
p3_img15,data/raw/p3_img15.png,Good,ResNet50,resnet50,Good,0.911247,0.088753,1,outputs/checkpoints/best_resnet50_lr0.0001.pth,0.0001,p5r1yde1,5,0.8531468531468531
p3_img16,data/raw/p3_img16.png,Good,ResNet50,resnet50,Good,0.998505,0.001495,1,outputs/checkpoints/best_resnet50_lr0.0001.pth,0.0001,p5r1yde1,5,0.8531468531468531
p3_img17,data/raw/p3_img17.png,Good,ResNet50,resnet50,Good,0.994698,0.005302,1,outputs/checkpoints/best_resnet50_lr0.0001.pth,0.0001,p5r1yde1,5,0.8531468531468531
p3_img18,data/raw/p3_img18.png,Bad,ResNet50,resnet50,Good,0.6357,0.3643,0,outputs/checkpoints/best_resnet50_lr0.0001.pth,0.0001,p5r1yde1,5,0.8531468531468531
p3_img19,data/raw/p3_img19.png,Bad,ResNet50,resnet50,Good,0.703052,0.296948,0,outputs/checkpoints/best_resnet50_lr0.0001.pth,0.0001,p5r1yde1,5,0.8531468531468531
p4_seed0,data/raw/p4_seed0.jpg,Good,ResNet50,resnet50,Good,0.915792,0.084208,1,outputs/checkpoints/best_resnet50_lr0.0001.pth,0.0001,p5r1yde1,5,0.8531468531468531
p4_seed1,data/raw/p4_seed1.jpg,Good,ResNet50,resnet50,Good,0.901728,0.098272,1,outputs/checkpoints/best_resnet50_lr0.0001.pth,0.0001,p5r1yde1,5,0.8531468531468531
p4_seed17,data/raw/p4_seed17.jpg,Bad,ResNet50,resnet50,Bad,0.239681,0.760319,1,outputs/checkpoints/best_resnet50_lr0.0001.pth,0.0001,p5r1yde1,5,0.8531468531468531
p4_seed26,data/raw/p4_seed26.jpg,Bad,ResNet50,resnet50,Good,0.959638,0.040362,0,outputs/checkpoints/best_resnet50_lr0.0001.pth,0.0001,p5r1yde1,5,0.8531468531468531
p4_seed3,data/raw/p4_seed3.jpg,Bad,ResNet50,resnet50,Bad,0.330737,0.669263,1,outputs/checkpoints/best_resnet50_lr0.0001.pth,0.0001,p5r1yde1,5,0.8531468531468531
p4_seed7,data/raw/p4_seed7.jpg,Good,ResNet50,resnet50,Good,0.999232,0.000768,1,outputs/checkpoints/best_resnet50_lr0.0001.pth,0.0001,p5r1yde1,5,0.8531468531468531
p4_seed8,data/raw/p4_seed8.jpg,Good,ResNet50,resnet50,Good,0.998248,0.001752,1,outputs/checkpoints/best_resnet50_lr0.0001.pth,0.0001,p5r1yde1,5,0.8531468531468531
p4_seed9,data/raw/p4_seed9.jpg,Good,ResNet50,resnet50,Good,0.998953,0.001047,1,outputs/checkpoints/best_resnet50_lr0.0001.pth,0.0001,p5r1yde1,5,0.8531468531468531
p5_seed23,data/raw/p5_seed23.jpg,Bad,ResNet50,resnet50,Good,0.688756,0.311244,0,outputs/checkpoints/best_resnet50_lr0.0001.pth,0.0001,p5r1yde1,5,0.8531468531468531
p5_seed24,data/raw/p5_seed24.jpg,Bad,ResNet50,resnet50,Good,0.842535,0.157465,0,outputs/checkpoints/best_resnet50_lr0.0001.pth,0.0001,p5r1yde1,5,0.8531468531468531
p5_seed25,data/raw/p5_seed25.jpg,Bad,ResNet50,resnet50,Bad,0.349257,0.650743,1,outputs/checkpoints/best_resnet50_lr0.0001.pth,0.0001,p5r1yde1,5,0.8531468531468531
p5_seed28,data/raw/p5_seed28.jpg,Bad,ResNet50,resnet50,Good,0.998791,0.001209,0,outputs/checkpoints/best_resnet50_lr0.0001.pth,0.0001,p5r1yde1,5,0.8531468531468531
p6_img10,data/raw/p6_img10.png,Bad,ResNet50,resnet50,Good,0.60179,0.39821,0,outputs/checkpoints/best_resnet50_lr0.0001.pth,0.0001,p5r1yde1,5,0.8531468531468531
p6_img11,data/raw/p6_img11.png,Bad,ResNet50,resnet50,Good,0.560246,0.439754,0,outputs/checkpoints/best_resnet50_lr0.0001.pth,0.0001,p5r1yde1,5,0.8531468531468531
p6_img12,data/raw/p6_img12.png,Bad,ResNet50,resnet50,Bad,0.486646,0.513354,1,outputs/checkpoints/best_resnet50_lr0.0001.pth,0.0001,p5r1yde1,5,0.8531468531468531
p6_img13,data/raw/p6_img13.png,Good,ResNet50,resnet50,Good,0.675324,0.324676,1,outputs/checkpoints/best_resnet50_lr0.0001.pth,0.0001,p5r1yde1,5,0.8531468531468531
p6_img14,data/raw/p6_img14.png,Bad,ResNet50,resnet50,Bad,0.436321,0.563679,1,outputs/checkpoints/best_resnet50_lr0.0001.pth,0.0001,p5r1yde1,5,0.8531468531468531
p6_img15,data/raw/p6_img15.png,Good,ResNet50,resnet50,Good,0.924542,0.075458,1,outputs/checkpoints/best_resnet50_lr0.0001.pth,0.0001,p5r1yde1,5,0.8531468531468531
p6_img16,data/raw/p6_img16.png,Good,ResNet50,resnet50,Good,0.938249,0.061752,1,outputs/checkpoints/best_resnet50_lr0.0001.pth,0.0001,p5r1yde1,5,0.8531468531468531
p6_img17,data/raw/p6_img17.png,Bad,ResNet50,resnet50,Good,0.620062,0.379938,0,outputs/checkpoints/best_resnet50_lr0.0001.pth,0.0001,p5r1yde1,5,0.8531468531468531
p6_img18,data/raw/p6_img18.png,Bad,ResNet50,resnet50,Good,0.551571,0.448429,0,outputs/checkpoints/best_resnet50_lr0.0001.pth,0.0001,p5r1yde1,5,0.8531468531468531
p6_img19,data/raw/p6_img19.png,Bad,ResNet50,resnet50,Bad,0.41852,0.58148,1,outputs/checkpoints/best_resnet50_lr0.0001.pth,0.0001,p5r1yde1,5,0.8531468531468531
p6_seed10,data/raw/p6_seed10.jpg,Bad,ResNet50,resnet50,Good,0.664378,0.335622,0,outputs/checkpoints/best_resnet50_lr0.0001.pth,0.0001,p5r1yde1,5,0.8531468531468531
p6_seed11,data/raw/p6_seed11.jpg,Good,ResNet50,resnet50,Good,0.705464,0.294536,1,outputs/checkpoints/best_resnet50_lr0.0001.pth,0.0001,p5r1yde1,5,0.8531468531468531
p6_seed12,data/raw/p6_seed12.jpg,Bad,ResNet50,resnet50,Bad,0.312932,0.687068,1,outputs/checkpoints/best_resnet50_lr0.0001.pth,0.0001,p5r1yde1,5,0.8531468531468531
p6_seed15,data/raw/p6_seed15.jpg,Bad,ResNet50,resnet50,Bad,0.32969,0.67031,1,outputs/checkpoints/best_resnet50_lr0.0001.pth,0.0001,p5r1yde1,5,0.8531468531468531
p6_seed16,data/raw/p6_seed16.jpg,Bad,ResNet50,resnet50,Good,0.642344,0.357656,0,outputs/checkpoints/best_resnet50_lr0.0001.pth,0.0001,p5r1yde1,5,0.8531468531468531
p6_seed17,data/raw/p6_seed17.jpg,Bad,ResNet50,resnet50,Bad,0.368696,0.631304,1,outputs/checkpoints/best_resnet50_lr0.0001.pth,0.0001,p5r1yde1,5,0.8531468531468531
p6_seed18,data/raw/p6_seed18.jpg,Bad,ResNet50,resnet50,Good,0.50838,0.49162,0,outputs/checkpoints/best_resnet50_lr0.0001.pth,0.0001,p5r1yde1,5,0.8531468531468531
p7_img10,data/raw/p7_img10.png,Good,ResNet50,resnet50,Good,0.952726,0.047274,1,outputs/checkpoints/best_resnet50_lr0.0001.pth,0.0001,p5r1yde1,5,0.8531468531468531
p7_img11,data/raw/p7_img11.png,Good,ResNet50,resnet50,Good,0.998208,0.001792,1,outputs/checkpoints/best_resnet50_lr0.0001.pth,0.0001,p5r1yde1,5,0.8531468531468531
p7_img12,data/raw/p7_img12.png,Bad,ResNet50,resnet50,Good,0.617084,0.382916,0,outputs/checkpoints/best_resnet50_lr0.0001.pth,0.0001,p5r1yde1,5,0.8531468531468531
p7_img13,data/raw/p7_img13.png,Good,ResNet50,resnet50,Good,0.999244,0.000756,1,outputs/checkpoints/best_resnet50_lr0.0001.pth,0.0001,p5r1yde1,5,0.8531468531468531
p7_img14,data/raw/p7_img14.png,Good,ResNet50,resnet50,Good,0.999022,0.000978,1,outputs/checkpoints/best_resnet50_lr0.0001.pth,0.0001,p5r1yde1,5,0.8531468531468531
p7_img15,data/raw/p7_img15.png,Good,ResNet50,resnet50,Good,0.962028,0.037972,1,outputs/checkpoints/best_resnet50_lr0.0001.pth,0.0001,p5r1yde1,5,0.8531468531468531
p7_img16,data/raw/p7_img16.png,Good,ResNet50,resnet50,Good,0.936769,0.063231,1,outputs/checkpoints/best_resnet50_lr0.0001.pth,0.0001,p5r1yde1,5,0.8531468531468531
p7_img17,data/raw/p7_img17.png,Good,ResNet50,resnet50,Good,0.999967,3.3e-05,1,outputs/checkpoints/best_resnet50_lr0.0001.pth,0.0001,p5r1yde1,5,0.8531468531468531
p7_img18,data/raw/p7_img18.png,Good,ResNet50,resnet50,Good,0.995374,0.004626,1,outputs/checkpoints/best_resnet50_lr0.0001.pth,0.0001,p5r1yde1,5,0.8531468531468531
p7_img19,data/raw/p7_img19.png,Good,ResNet50,resnet50,Good,0.998621,0.001379,1,outputs/checkpoints/best_resnet50_lr0.0001.pth,0.0001,p5r1yde1,5,0.8531468531468531
p9_img1,data/raw/p9_img1.png,Bad,ResNet50,resnet50,Good,0.915785,0.084215,0,outputs/checkpoints/best_resnet50_lr0.0001.pth,0.0001,p5r1yde1,5,0.8531468531468531
p9_img12,data/raw/p9_img12.png,Bad,ResNet50,resnet50,Good,0.531736,0.468264,0,outputs/checkpoints/best_resnet50_lr0.0001.pth,0.0001,p5r1yde1,5,0.8531468531468531
p9_img14,data/raw/p9_img14.png,Bad,ResNet50,resnet50,Good,0.562119,0.437881,0,outputs/checkpoints/best_resnet50_lr0.0001.pth,0.0001,p5r1yde1,5,0.8531468531468531
p9_img16,data/raw/p9_img16.png,Bad,ResNet50,resnet50,Good,0.966734,0.033266,0,outputs/checkpoints/best_resnet50_lr0.0001.pth,0.0001,p5r1yde1,5,0.8531468531468531
p9_img17,data/raw/p9_img17.png,Bad,ResNet50,resnet50,Good,0.960517,0.039483,0,outputs/checkpoints/best_resnet50_lr0.0001.pth,0.0001,p5r1yde1,5,0.8531468531468531
p9_img2,data/raw/p9_img2.png,Bad,ResNet50,resnet50,Bad,0.429715,0.570285,1,outputs/checkpoints/best_resnet50_lr0.0001.pth,0.0001,p5r1yde1,5,0.8531468531468531
p9_img20,data/raw/p9_img20.png,Bad,ResNet50,resnet50,Good,0.62851,0.37149,0,outputs/checkpoints/best_resnet50_lr0.0001.pth,0.0001,p5r1yde1,5,0.8531468531468531
p9_img21,data/raw/p9_img21.png,Bad,ResNet50,resnet50,Good,0.951197,0.048803,0,outputs/checkpoints/best_resnet50_lr0.0001.pth,0.0001,p5r1yde1,5,0.8531468531468531
p9_img27,data/raw/p9_img27.png,Bad,ResNet50,resnet50,Good,0.922233,0.077767,0,outputs/checkpoints/best_resnet50_lr0.0001.pth,0.0001,p5r1yde1,5,0.8531468531468531
p9_img3,data/raw/p9_img3.png,Bad,ResNet50,resnet50,Good,0.761294,0.238706,0,outputs/checkpoints/best_resnet50_lr0.0001.pth,0.0001,p5r1yde1,5,0.8531468531468531
p9_img4,data/raw/p9_img4.png,Bad,ResNet50,resnet50,Good,0.960733,0.039267,0,outputs/checkpoints/best_resnet50_lr0.0001.pth,0.0001,p5r1yde1,5,0.8531468531468531
p9_img5,data/raw/p9_img5.png,Bad,ResNet50,resnet50,Good,0.949646,0.050354,0,outputs/checkpoints/best_resnet50_lr0.0001.pth,0.0001,p5r1yde1,5,0.8531468531468531
p9_img6,data/raw/p9_img6.png,Bad,ResNet50,resnet50,Good,0.697288,0.302712,0,outputs/checkpoints/best_resnet50_lr0.0001.pth,0.0001,p5r1yde1,5,0.8531468531468531
